Fund Name,P1,P2,P3,P4,P5,Topsis Score,Rank
M1,0.9,0.81,6.7,32.3,10.18,0.3752424621682132,8
M2,0.89,0.79,4.8,62.1,17.15,0.6464454321654846,2
M3,0.85,0.72,4.2,42.5,12.07,0.5917032628830622,3
M4,0.83,0.69,5.0,30.5,9.26,0.44907719194172124,5
M5,0.62,0.38,6.7,62.8,17.63,0.42362195093271104,7
M6,0.64,0.41,5.5,58.2,16.19,0.47453815047401415,4
M7,0.8,0.64,6.9,57.5,16.46,0.43146992504510295,6
M8,0.81,0.66,3.3,54.5,14.82,0.7084939041194963,1
